emp_id,first_name,last_name,hire_date,termdate,"Years In Company"
00-0381660,Wainwright,Corfield,2001-02-20,2008-12-05,7
00-1052230,Elmo,McNee,2002-07-18,2006-05-22,3
00-1100714,Regen,Nafzger,2016-07-23,2022-07-12,5
00-1189819,Rudolf,Reichardt,2005-07-07,2022-02-25,16
00-1284831,Hamel,Edgeler,2008-08-01,2008-08-01,0
00-1722938,Perla,Durrand,2001-01-14,2023-01-10,22
00-1957612,Artus,Cawcutt,2007-08-05,2012-08-01,4
00-2607971,Gale,Dreossi,2002-02-06,2018-07-01,16
00-2874422,Diandra,Bourget,2003-07-26,2015-01-14,11
00-3987484,Chelsy,Clacey,2006-01-30,2021-07-23,15
00-5175297,Bethina,Mathissen,2001-12-23,2012-03-28,10
00-5421994,Sile,Schultheiss,2012-10-12,2021-10-28,9
00-5649238,Antonietta,Obal,2003-02-13,2008-06-24,5
00-5880378,Dannie,Thornton-Dewhirst,2012-12-02,2019-05-30,6
00-5917185,Frasquito,Frape,2002-06-29,2012-08-16,10
00-5993032,Corrinne,Very,2005-06-21,2015-03-23,9
00-6338870,Curtice,Kidgell,2018-03-18,2023-03-24,5
00-6371948,Ruby,O'Duilleain,2009-07-08,2012-01-09,2
00-7494159,Lu,Larive,2004-05-31,2010-12-03,6
00-7800396,Siward,Phelipeaux,2002-09-03,2016-01-11,13
00-7925080,Chrisy,Risen,2002-03-11,2018-06-05,16
00-8010185,Tab,Lissemore,2012-03-05,2012-03-05,0
00-8230593,Sheppard,Klosges,2010-08-22,2017-12-30,7
00-8250034,Karlen,Duckworth,2010-05-19,2023-01-17,12
00-8536569,Sterling,Prue,2004-03-22,2005-03-23,1
00-8679430,Lorianna,Mitten,2002-10-01,2018-11-16,16
00-8772885,Thorn,Kidston,2017-11-22,2022-03-26,4
01-0074905,Robinson,"Le Moucheux",2015-03-28,2019-02-01,3
01-0381181,Merv,Weiss,2003-08-29,2019-08-08,15
01-0600294,Susanna,Bushell,2015-08-14,2016-12-12,1
01-1268137,Loreen,Bewicke,2010-03-09,2017-07-19,7
01-1660610,Xenos,Vallerine,2006-03-06,2007-07-15,1
01-2097413,Hugues,Balog,2007-07-04,2010-04-08,2
01-3950822,Jaquenetta,Otham,2003-04-03,2012-05-12,9
01-3999156,Sam,Boyett,2005-05-26,2017-02-12,11
01-4236217,Melissa,Chazotte,2004-01-10,2015-01-12,11
01-4279334,Marya,Gabbotts,2003-02-01,2019-07-24,16
01-4613458,Harmonia,McGoon,2010-06-09,2016-04-05,5
01-4620408,Linzy,Geeves,2008-07-24,2020-01-21,11
01-4807422,Brina,Gabbetis,2005-07-05,2017-12-10,12
01-4984757,Gwynne,Elesander,2007-09-02,2007-11-28,0
01-5188629,Shirline,Sprake,2003-02-16,2023-04-08,20
01-5560541,Neil,Spurier,2013-05-19,2014-02-15,0
01-5926286,Vivi,Conerding,2011-07-04,2017-12-10,6
01-6693422,Kenyon,Bramford,2006-05-28,2018-12-10,12
01-6945383,Margarete,Arnull,2011-02-03,2011-02-03,0
01-7405105,Terrill,Denerley,2011-02-11,2015-10-19,4
01-7876427,Ara,Klimushev,2012-03-05,2016-05-11,4
01-8840917,Rich,Horsted,2015-05-13,2020-06-03,5
01-8878283,D'arcy,Rushsorth,2005-09-16,2016-12-15,11
01-9957786,Blondy,Orviss,2003-09-16,2004-07-24,0
02-0023435,Georgy,Allitt,2011-06-18,2016-06-13,4
02-0492717,Stormi,McIlmorie,2002-11-13,2010-09-28,7
02-0984298,Demetrius,Repp,2005-06-19,2016-04-12,10
02-1115741,Barri,Seyfart,2018-02-18,2018-11-26,0
02-1272283,Benjie,Vasechkin,2005-06-15,2017-12-20,12
02-2814569,Minor,Addess,2003-02-03,2014-08-29,11
02-3043161,Rhodia,Kildahl,2003-11-10,2021-09-10,17
02-3429255,Calli,Ashlin,2010-08-04,2012-06-10,1
02-3687358,Terra,Febry,2006-10-20,2023-03-27,16
02-5365306,Colet,Shinton,2009-06-22,2010-04-13,0
02-6270951,Bob,Kleszinski,2010-11-10,2012-12-07,2
02-6313385,Meta,Dennerley,2009-12-04,2009-12-04,0
02-7252298,Ted,Clears,2010-07-14,2015-03-24,4
02-8023786,Pooh,Redding,2005-04-19,2006-09-20,1
02-8178381,Madelaine,Waterstone,2008-07-30,2016-05-01,7
02-8349881,Glenda,Serfati,2001-09-16,2005-04-04,3
02-8537525,Conrado,Baradel,2001-04-03,2009-11-22,8
02-8606176,Sabra,Sange,2004-04-17,2008-10-14,4
02-8655722,Frank,Harland,2009-11-04,2020-05-23,10
02-8826003,Tobit,Peatman,2003-10-08,2012-01-18,8
02-9198167,Quill,Olivia,2000-11-24,2006-08-24,5
02-9848635,Jo-ann,Blitzer,2005-05-13,2012-04-25,6
03-0603418,Ware,Gillicuddy,2010-03-28,2019-08-14,9
03-0756081,Terencio,Bann,2011-04-14,2013-03-19,1
03-1158217,Rutger,Iveagh,2005-03-15,2005-07-17,0
03-1452172,Ainslie,Tidbury,2003-06-25,2019-12-22,16
03-1910898,Richmound,Baumber,2006-08-27,2016-04-30,9
03-2136921,Sharia,Riddock,2006-10-18,2018-01-16,11
03-2388234,Christoph,Smieton,2006-09-15,2010-04-12,3
03-3065184,Emmott,Cargenven,2007-03-09,2016-11-02,9
03-4116883,Mathilde,Armistead,2011-11-18,2017-07-09,5
03-4231080,Ferguson,Priestman,2012-01-14,2017-03-22,5
03-4245735,Katerine,Hagergham,2007-06-12,2014-01-02,6
03-4724611,Lizabeth,McLice,2011-10-05,2019-04-28,7
03-5469853,Ramon,Rawll,2005-04-22,2015-05-13,10
03-5504104,Baillie,Kadwallider,2008-09-11,2018-09-30,10
03-5840562,Fax,Gepheart,2011-12-31,2013-11-06,1
03-6141895,Natty,Larne,2007-11-07,2011-05-20,3
03-6230242,Barbra,Brotherton,2005-04-27,2022-06-04,17
03-6259593,Sophey,Abelson,2000-11-11,2009-11-02,8
03-6565096,Stefa,McGlew,2003-07-05,2006-01-31,2
03-6799271,Mira,Grabiec,2005-03-16,2021-10-26,16
03-7105916,Lissi,Cone,2001-03-30,2015-03-09,13
03-7622489,Bale,Oldroyde,2014-12-26,2022-05-02,7
03-8474248,Jocko,Kidder,2002-06-18,2005-09-17,3
03-8574195,Breanne,Keming,2005-03-16,2017-07-28,12
03-9427024,Hervey,Nellis,2003-12-09,2013-02-27,9
03-9688688,Weylin,Gerin,2006-05-03,2006-05-03,0
03-9903741,Sallyanne,Benedtti,2011-05-28,2017-07-04,6
04-0486141,Zaneta,McKelvey,2008-01-08,2023-05-21,15
04-1066063,Celene,Killiam,2005-02-04,2011-09-27,6
04-1160870,Fredericka,Bust,2003-03-25,2021-05-02,18
04-1436193,Karla,Braney,2001-01-14,2018-09-10,17
04-1633134,Karalynn,Liptrot,2002-12-01,2012-08-20,9
04-1846467,Georgy,Snailham,2001-10-09,2020-02-25,18
04-3018897,Steward,Matheson,2002-11-23,2021-10-27,18
04-3674710,Borg,Anwell,2010-12-04,2020-12-02,10
04-3725112,Maurita,Spino,2006-11-03,2008-01-10,1
04-4059376,Levin,Rosenfeld,2012-07-03,2021-02-25,8
04-4464846,Eloisa,Colafate,2006-09-17,2021-03-17,14
04-4671409,Sawyer,Braunds,2012-09-15,2013-08-18,0
04-5566039,Barb,Allman,2011-04-22,2012-06-29,1
04-6009178,Yuri,Mathiot,2002-12-20,2021-07-27,18
04-6046125,Mary,Howling,2006-09-20,2021-08-29,14
04-6121329,Rhiamon,Saynor,2014-07-13,2016-05-26,1
04-6350506,Oliy,Beharrell,2009-12-30,2014-03-17,4
04-6370787,Liuka,Cowwell,2002-09-12,2015-02-05,12
04-6520914,Morey,Heathcoat,2008-08-30,2017-06-25,8
04-7692870,Prudence,Mariel,2001-10-17,2003-08-08,1
04-8692226,Lilllie,Totton,2004-01-24,2021-02-12,17
04-8851176,Tabb,McLenahan,2005-04-17,2018-02-20,12
04-9142144,Nissie,Petrolli,2003-05-21,2006-11-03,3
05-0448312,Kristan,Machans,2011-03-11,2018-12-13,7
05-0921423,Felipe,Aulton,2008-05-20,2020-11-25,12
05-1080044,Franny,Vannozzii,2003-07-26,2016-08-09,13
05-1307149,Pearle,Maple,2000-10-19,2005-10-14,4
05-1346034,Rochelle,Hastwell,2010-09-10,2012-03-04,1
05-1765038,Lissy,Barnbrook,2008-03-03,2008-03-03,0
05-1812656,Warner,Cawker,2001-03-06,2014-12-25,13
05-2049999,Zachariah,Tomkins,2005-02-06,2019-02-25,14
05-2194477,Clemente,Elmore,2012-05-25,2013-04-09,0
05-2622388,Queenie,Baruch,2017-06-24,2020-06-17,2
05-3127003,Kimball,Pickett,2009-10-10,2017-06-27,7
05-3864894,Karylin,Phythien,2011-03-13,2022-03-12,11
05-4705810,Crosby,Lanegran,2002-03-21,2018-10-26,16
05-4835600,Chicky,Bastock,2006-08-24,2014-02-15,7
05-5416473,Lisa,Birtwisle,2003-08-07,2023-07-17,19
05-6775716,Cleve,Tirrey,2006-12-19,2021-02-28,14
05-6782848,Pinchas,Stanford,2001-11-03,2008-02-16,6
05-6989663,Cherice,Flucker,2002-08-13,2019-01-16,16
05-6991741,Gardy,Saing,2005-02-16,2012-10-08,7
05-7112176,Miles,Doppler,2004-07-22,2017-08-17,13
05-7463770,Andrea,Vautin,2007-05-28,2018-05-16,10
05-7989843,Karlis,Fenwick,2005-10-01,2017-02-21,11
05-8532906,Sloan,Sollowaye,2005-03-14,2019-05-29,14
05-9043354,Kessia,Yaus,2008-03-30,2010-09-07,2
05-9392006,Coletta,Goalby,2007-03-16,2012-02-17,4
05-9629441,Winny,Mosten,2006-09-16,2007-04-15,0
05-9833633,Andros,Grabiec,2004-10-30,2009-08-03,4
06-0935981,Eustace,Rummin,2007-02-04,2007-02-26,0
06-1379885,Egor,Carnall,2009-10-31,2015-11-29,6
06-1772314,Laureen,Kitney,2010-01-03,2010-07-15,0
06-2087492,Clayborne,Kearley,2006-10-22,2014-06-30,7
06-2594547,Lynelle,Aris,2006-09-09,2014-10-13,8
06-3483438,Jannel,Morey,2011-12-26,2017-09-25,5
06-3598764,Christie,Chicchelli,2013-01-26,2021-09-30,8
06-3717838,Johnathan,Randell,2001-10-02,2014-01-30,12
06-4132041,Tedi,Cawthra,2005-03-05,2008-06-22,3
06-4337105,Harmony,Kirlin,2009-06-14,2014-12-18,5
06-4453808,Laurie,Mapstone,2012-11-20,2016-03-08,3
06-4504655,Darius,Kalisz,2010-12-25,2022-03-28,11
06-4722616,Karel,Pedersen,2002-03-26,2005-12-24,3
06-4874575,Patrice,Giller,2019-05-16,2021-03-15,1
06-5381730,Taddeusz,Weldrake,2010-03-01,2010-03-01,0
06-5977037,Blinnie,Abrahams,2016-03-28,2016-06-21,0
06-6211718,Maryjane,Keaveny,2008-06-13,2011-03-13,2
06-6327671,Guenevere,Furney,2008-02-15,2021-03-12,13
06-6667765,Catriona,Skyrme,2005-09-03,2005-09-03,0
06-6708573,Marchall,Leverington,2018-02-28,2021-05-02,3
06-6954499,Laina,Itzkovwitch,2007-01-13,2013-10-09,6
06-7184744,Freda,Kyngdon,2016-08-15,2017-07-28,0
06-7507908,Pablo,Maynell,2004-05-18,2023-05-23,19
06-8015929,Eden,Pifford,2006-08-17,2014-11-09,8
06-8280505,Ian,Odgers,2004-12-20,2016-12-02,11
06-8384472,Lani,Kinnoch,2006-10-16,2022-01-21,15
06-8774886,Rey,Hindsberg,2006-11-03,2017-06-27,10
06-8882366,Lorens,Henningham,2010-06-04,2015-01-16,4
06-9573037,Alissa,Brock,2006-02-07,2008-11-01,2
06-9643118,Powell,Skunes,2008-12-30,2016-01-15,7
06-9931910,Celene,Rene,2007-06-28,2009-03-28,1
06-9948352,Alistair,Pirelli,2012-02-21,2019-09-21,7
07-0603203,Natka,Moyer,2010-04-14,2023-05-11,13
07-1541608,Dana,Calabry,2009-08-27,2018-11-26,9
07-1778522,Quint,Jankin,2016-04-30,2017-02-22,0
07-1810225,Ketti,Callcott,2007-03-05,2007-11-07,0
07-2168841,Ardyce,Kordes,2019-11-15,2023-08-05,3
07-3133831,Jasper,Fitzsimons,2008-06-25,2013-08-20,5
07-3470241,Suzette,Cheyne,2004-05-05,2021-08-08,17
07-3589959,Lockwood,Shiel,2008-11-01,2016-07-15,7
07-3739339,Sharleen,Bridgewood,2007-08-19,2015-01-31,7
07-4610068,Lewie,Jocic,2001-07-15,2010-10-02,9
07-4974576,Quinn,Rutter,2013-02-21,2022-01-14,8
07-6219433,Willie,Gomme,2011-01-21,2018-03-28,7
07-7481127,Kirbee,McTrustey,2009-08-16,2011-09-22,2
07-7585141,Allie,Toner,2004-12-12,2013-10-23,8
07-8293577,Jorie,Baynom,2004-10-10,2011-08-02,6
07-8537025,Redford,Garlinge,2007-12-04,2016-03-18,8
08-1101320,Judie,Parkisson,2005-04-09,2022-07-24,17
08-1101808,Alia,Hallwood,2001-04-18,2015-01-12,13
08-2012105,Durante,Luca,2009-09-15,2019-04-20,9
08-2352594,Levey,Mallia,2007-01-29,2021-11-01,14
08-2604227,Mychal,Scopyn,2010-08-31,2012-10-10,2
08-3993185,Waldemar,Dory,2017-09-23,2023-02-04,5
08-4059646,Nobe,Dannel,2009-08-18,2021-05-02,11
08-4761791,Drucy,Hindrich,2003-03-23,2021-07-26,18
08-4965673,Gates,"de Grey",2009-04-26,2023-08-07,14
08-5565650,Nils,Elmar,2005-11-30,2013-03-18,7
08-7142424,Elijah,Couldwell,2003-09-15,2012-12-17,9
08-7418031,Olympie,Newbigging,2001-04-30,2004-08-30,3
08-7579182,Ralph,Cavalier,2007-07-12,2013-05-25,5
08-7878247,Susie,Simkin,2003-09-15,2012-08-21,8
08-7907298,Kimmy,Eastby,2008-05-04,2017-11-27,9
08-7944654,Giraldo,Braine,2011-03-06,2021-02-20,9
08-9704756,Brigham,Lansly,2010-11-22,2011-04-01,0
09-0985465,Gerianne,Wince,2003-10-20,2018-10-21,15
09-2441745,Jermain,Ashlin,2003-05-31,2018-11-26,15
09-3298604,Herta,Henstone,2007-10-18,2018-10-13,10
09-3656580,Tony,Mewett,2002-08-02,2002-08-18,0
09-4064433,Lorenzo,Scarlon,2004-10-28,2017-09-19,12
09-4471277,Dorelia,McDonand,2006-01-01,2007-11-15,1
09-5070412,Bernardine,Artois,2002-11-04,2015-06-02,12
09-5128735,Maye,Maffei,2006-03-06,2022-01-06,15
09-5217914,Baxter,Mazdon,2011-09-12,2013-09-30,2
09-6566170,Carey,Lidgett,2003-04-08,2021-12-08,18
09-8635181,Teodoro,Bech,2005-10-24,2019-10-22,14
09-8656053,Vidovik,Gayther,2005-08-12,2021-02-23,15
09-9536618,Ulrica,Chesher,2010-10-03,2010-10-03,0
10-0994834,Rossie,Tortoise,2012-07-28,2016-12-13,4
10-1014143,Ugo,Bachelar,2009-04-04,2009-04-04,0
10-2191646,Hewie,Jeger,2015-08-28,2023-02-17,7
10-2379862,Iseabal,Birtle,2003-09-15,2020-03-19,16
10-2723896,Poul,Knoller,2002-05-19,2003-09-01,1
10-2967899,Calvin,Gotts,2010-05-11,2015-08-22,5
10-3081518,Gery,Barti,2009-02-04,2009-02-04,0
10-3149679,Ilario,Itzik,2001-01-19,2008-07-12,7
10-4041265,Lucias,McConnal,2008-10-20,2017-05-09,8
10-4950395,Reynard,Wallace,2011-06-19,2022-09-26,11
10-4960054,Kimbell,Clilverd,2009-10-16,2010-06-27,0
10-5272584,Morton,Mattioni,2010-10-13,2023-04-15,12
10-5420631,Augusta,Cowley,2005-09-29,2022-02-10,16
10-5460903,Dimitry,Djekovic,2007-11-17,2018-01-10,10
10-5475167,Valentine,Hale,2003-11-25,2015-12-25,12
10-6369892,Ynes,Grindrod,2010-05-14,2019-03-06,8
10-6714334,Marla,Franceschi,2002-02-03,2013-07-05,11
10-7379374,Gwyn,Werrett,2008-06-25,2018-02-10,9
10-7965478,Sherlock,Scotti,2007-10-21,2015-09-19,7
10-7970882,Reinold,Rewcastle,2006-05-22,2011-03-14,4
10-8016417,Delmar,Torvey,2010-11-30,2018-01-02,7
10-8732936,Shurlocke,Merriott,2018-07-26,2021-03-15,2
10-8814064,Lulu,Dabnot,2005-02-14,2015-02-18,10
10-8935837,Templeton,Kirkby,2001-01-18,2003-05-22,2
10-9127851,Dag,Denisovo,2003-06-26,2005-10-26,2
10-9292865,Ezequiel,Dilleston,2009-05-20,2014-02-28,4
10-9514287,Lyon,L'Episcopio,2005-04-04,2011-05-25,6
10-9856483,Jena,Siggs,2009-11-25,2016-11-13,6
11-0179563,Rhiamon,Macvey,2002-12-30,2019-04-27,16
11-0697468,Malorie,Hurtic,2015-10-16,2019-06-02,3
11-1348636,Sammie,Dormon,2011-03-17,2021-03-16,10
11-1504677,Analise,Linkie,2005-03-16,2018-09-09,13
11-1805808,Hatti,O'Clery,2014-01-13,2015-01-22,1
11-1962156,Alexis,Cunniffe,2007-08-05,2007-08-05,0
11-2410210,Moira,Meineck,2007-02-03,2019-12-14,12
11-3149044,Isaac,Brettel,2006-04-25,2009-03-25,2
11-3253802,Garek,Sugar,2001-08-03,2022-09-06,21
11-3479230,Cherilynn,Dineges,2011-06-20,2015-04-28,3
11-3563150,Ralf,Manwell,2018-10-27,2021-03-23,2
11-3599037,Derby,"Le Marchant",2010-05-21,2021-11-11,11
11-3681138,Chancey,Hellis,2014-08-29,2018-09-30,4
11-3709544,Shem,Bartolomeo,2011-12-14,2022-01-07,10
11-3860747,Elwin,Buckler,2006-09-20,2008-08-14,1
11-4105385,Amandie,Skehan,2001-08-13,2005-02-15,3
11-4382436,Nefen,Clothier,2011-07-04,2011-07-04,0
11-4460403,Ilsa,Spradbery,2003-04-11,2019-10-06,16
11-4533891,Gilberte,Bolam,2003-12-17,2008-02-06,4
11-5495291,Merrel,Tinmouth,2010-08-17,2018-06-09,7
11-5603970,Allene,Flemmich,2012-07-06,2020-06-16,7
11-6301317,Alexei,Jeannenet,2006-03-22,2011-12-23,5
11-6360612,Dud,Meus,2001-09-04,2013-05-13,11
11-6609764,Ruperta,Rambaut,2003-10-20,2004-01-30,0
11-7864987,Herman,Redrup,2008-10-24,2011-05-28,2
11-8901606,Kerk,Brekonridge,2007-08-27,2014-04-30,6
11-9230233,Cassie,Cashen,2005-06-17,2007-10-06,2
11-9741933,Mile,Tomkys,2008-06-08,2022-09-19,14
12-0137994,Jimmy,Duffin,2006-10-14,2023-04-21,16
12-0165371,Tessa,Timberlake,2005-10-28,2010-12-01,5
12-0652774,Aindrea,Harder,2009-07-01,2019-01-07,9
12-0821958,Fergus,Aisthorpe,2005-10-01,2014-12-01,9
12-1058351,Gianina,Dartnell,2003-11-19,2017-06-21,13
12-2268500,Evan,Borborough,2009-11-09,2010-06-26,0
12-2357863,Alvina,Claeskens,2002-10-14,2010-09-08,7
12-2381672,Elwira,Jahner,2011-02-13,2019-04-15,8
12-3903055,Frank,Toupe,2012-06-28,2014-02-07,1
12-4133791,Codi,Benedicto,2002-02-04,2010-09-15,8
12-4440347,Austin,Mulholland,2011-10-30,2013-11-19,2
12-4499034,Stacie,Gentric,2003-11-15,2018-07-19,14
12-4588655,Tiffany,Gill,2003-04-14,2004-11-09,1
12-5270761,Emelda,Tippett,2016-12-30,2019-02-19,2
12-5279334,Tandie,Gourlie,2012-03-12,2015-09-24,3
12-5612918,Sheilah,Bendall,2008-09-13,2015-11-19,7
12-6080989,Eolanda,Richter,2008-01-20,2011-08-10,3
12-6952291,Maridel,Franck,2012-01-03,2019-04-27,7
12-7440374,Lurleen,Kerne,2005-05-26,2005-10-31,0
12-7460683,Opaline,Treagust,2003-05-21,2011-11-28,8
12-9850324,Fanny,Pachta,2006-02-05,2022-11-13,16
12-9923552,Novelia,Rosenbloom,2008-04-13,2020-04-24,12
13-0003582,Clerissa,Freeth,2002-10-17,2016-09-10,13
13-0855454,Victoir,Padson,2009-09-02,2009-09-02,0
13-0915657,Jessey,Luney,2013-03-26,2014-11-30,1
13-1174983,Nevsa,Gisburn,2014-08-14,2023-07-07,8
13-1337860,Brennen,Liley,2001-11-14,2017-02-18,15
13-1572513,Dasha,Thon,2006-12-16,2018-06-17,11
13-2023299,Charmion,McCraw,2008-11-02,2021-06-18,12
13-2122750,Wye,Zini,2001-10-31,2006-02-27,4
13-3201609,Stafford,Morehall,2008-12-17,2016-03-27,7
13-5060877,Elisabetta,Pexton,2015-07-20,2017-08-05,2
13-5272012,Lena,Wimms,2005-01-11,2021-06-11,16
13-5663441,Bertha,Ricioppo,2008-04-06,2014-12-18,6
13-5970318,Prudi,Scarce,2006-10-05,2021-10-24,15
13-6247513,Roldan,Gladhill,2009-01-22,2019-06-07,10
13-7052514,Charmion,Cocklin,2003-11-23,2006-02-01,2
13-7284079,Meredithe,Skully,2010-01-03,2010-01-03,0
13-7485924,Jackson,Simmance,2002-10-03,2020-10-27,18
13-7728725,Rosita,Looker,2006-04-28,2021-06-22,15
13-7809059,Ethelin,Goodlett,2007-03-15,2018-09-19,11
13-7994761,Queenie,Conner,2012-07-02,2012-11-12,0
13-8428959,Hobie,Jacobowits,2002-10-30,2022-06-30,19
13-9015542,Nickola,Scardafield,2002-02-07,2018-07-09,16
13-9092380,Birdie,Alyoshin,2010-03-13,2016-11-07,6
13-9163509,Forbes,Smalridge,2013-04-13,2014-11-09,1
13-9725683,Colly,Clint,2003-09-26,2011-03-06,7
13-9804530,Etienne,McLae,2006-11-15,2013-04-27,6
14-0363262,Barrie,Rickson,2006-11-26,2012-11-18,5
14-0534107,Oran,Erdely,2009-08-15,2016-03-01,6
14-0755742,Caitlin,O'Ferris,2006-01-20,2007-02-28,1
14-0891098,Morten,Wilmore,2002-01-17,2006-05-16,4
14-0993416,Baxter,Hayfield,2004-08-11,2018-06-19,13
14-1029480,Danella,Ramsay,2008-08-15,2010-07-20,1
14-1900052,Olimpia,Dilloway,2012-06-01,2022-12-05,10
14-1969604,Kristine,Meads,2001-12-14,2014-03-09,12
14-1994668,Randal,Oxnam,2003-07-04,2019-07-18,16
14-2329525,Warner,Colleer,2004-05-12,2021-05-26,17
14-2511312,Sax,"Mc Kellen",2017-01-27,2023-02-11,6
14-3033094,Melita,Whitty,2002-09-14,2020-03-22,17
14-3324414,Ambros,Dennick,2004-07-24,2013-11-09,9
14-3665916,Emery,Kershaw,2013-09-14,2019-03-26,5
14-4066176,Roselia,Falkinder,2016-08-16,2018-07-31,1
14-4676687,Ilyse,Style,2008-06-06,2023-02-07,14
14-4726502,Olympia,Dowson,2005-08-29,2010-04-20,4
14-5128852,Millicent,Reye,2013-11-30,2018-06-21,4
14-5463144,Brunhilde,Goldsbury,2011-05-14,2014-06-11,3
14-5705210,Whitby,Eadmeads,2009-08-04,2009-08-04,0
14-5819228,Laney,Moxom,2005-05-09,2012-05-11,7
14-5995265,Inglebert,O'Flaherty,2007-12-21,2015-07-10,7
14-6255137,Barrett,Byard,2006-10-21,2010-07-25,3
14-6417595,Rayna,Foster-Smith,2005-04-05,2013-05-21,8
14-6779341,Maurene,Unsworth,2004-02-17,2019-04-13,15
14-7706286,Cecil,Christauffour,2005-05-13,2014-12-31,9
14-8055341,Philipa,Cargill,2018-06-17,2020-01-02,1
14-8106853,Derby,Skeldon,2004-05-29,2016-06-23,12
14-8133776,Earlie,Dingsdale,2014-11-19,2022-08-01,7
14-8617562,Margy,Hinks,2015-12-21,2022-05-30,6
14-9146982,Alejandrina,Fayer,2017-01-22,2018-10-31,1
15-0923956,Debor,Barabisch,2010-10-18,2022-12-14,12
15-0972538,Stanford,Haresign,2011-04-25,2013-08-25,2
15-1308488,Dudley,Ambrosch,2009-08-25,2020-04-26,10
15-1434916,Clementius,Senchenko,2006-08-28,2006-11-08,0
15-2307956,Eugenie,Maplethorp,2012-02-13,2020-03-12,8
15-2408026,Cordie,Ellick,2012-05-13,2016-03-27,3
15-3086131,Jerrilyn,Gritton,2005-05-27,2020-03-15,14
15-3230609,Neale,Hampstead,2006-04-08,2010-03-08,3
15-3479299,Codie,Brawson,2009-01-19,2012-03-18,3
15-3844870,Korrie,Jarrette,2010-06-13,2013-11-16,3
15-3989131,Laughton,Bax,2018-09-25,2021-02-28,2
15-3991240,Chick,Dray,2002-08-27,2006-10-28,4
15-4378238,Sande,Potten,2002-08-14,2022-09-28,20
15-5750613,Christie,Bittleson,2010-07-19,2012-10-11,2
15-5803210,Tanner,Itzakovitz,2009-02-02,2021-12-01,12
15-6337014,Sebastiano,Wittrington,2011-02-28,2018-10-15,7
15-6501266,Conrad,Bridell,2004-06-05,2009-09-10,5
15-7069160,Gus,Vassel,2001-07-20,2022-06-18,20
15-7465338,Fedora,Koenraad,2011-10-22,2022-03-12,10
15-7805235,Nickola,Marieton,2004-09-06,2007-07-05,2
15-7988835,Carilyn,Andrei,2007-12-14,2015-05-12,7
15-8655612,Eberto,Kern,2014-12-24,2018-05-19,3
15-8711329,Giselle,Ashcroft,2009-09-24,2020-06-04,10
15-9589281,Carny,Bumpus,2012-03-17,2023-06-19,11
15-9910694,Jocelyne,Stallworth,2011-03-08,2016-05-24,5
16-0237927,Linea,Manueli,2001-08-18,2022-02-04,20
16-1015461,Liuka,Elsdon,2005-01-23,2005-08-20,0
16-1219718,Chandra,Beaufoy,2020-04-28,2022-06-03,2
16-1690323,Claiborne,Butrimovich,2019-09-30,2020-11-27,1
16-1727232,Jennifer,Raffan,2007-10-10,2011-01-08,3
16-2386879,Tuesday,Sheron,2015-03-26,2018-09-25,3
16-2682731,Ashbey,Dubique,2012-04-27,2022-09-20,10
16-3222865,Ann-marie,Thorogood,2017-02-24,2019-12-12,2
16-3989148,Maitilde,Rontree,2005-08-04,2012-12-12,7
16-4315794,Gina,Killik,2010-11-30,2021-06-28,10
16-4344623,Ernest,Sherburn,2003-11-17,2008-01-21,4
16-4585798,Tallia,Sausman,2006-10-07,2021-01-18,14
16-4834812,Elmore,Egell,2009-07-01,2016-11-17,7
16-5259714,Brendon,Crampsy,2015-10-20,2017-01-09,1
16-5264962,Fidelio,Westgate,2001-10-25,2002-06-14,0
16-5576367,Corbet,Roarty,2003-10-05,2018-04-30,14
16-5630576,Bale,Semaine,2006-10-12,2016-05-04,9
16-7137333,Barbara-anne,Ronaghan,2009-08-22,2021-04-05,11
16-8058414,Murdoch,Pauley,2020-01-26,2021-11-15,1
16-8635858,Felisha,Schneidau,2012-02-29,2019-12-28,7
16-8976598,Gertie,Fillan,2001-04-19,2008-08-11,7
16-9597555,Adolpho,Dosdale,2006-01-30,2019-11-13,13
17-1361942,Bart,Hoston,2001-10-12,2022-09-12,20
17-1399193,Sollie,McDade,2007-02-21,2010-07-21,3
17-1616440,Davita,Tomkinson,2002-04-06,2010-01-19,7
17-2279350,Aprilette,MacNeilly,2011-04-02,2011-04-02,0
17-2486648,Patsy,Russam,2004-04-18,2019-02-28,14
17-3528012,Aeriell,Champniss,2012-02-07,2012-02-07,0
17-3661417,Oliy,Ham,2003-10-25,2012-09-17,8
17-4082357,Marillin,Tidball,2002-12-27,2022-06-22,19
17-4641036,Roxine,Caulton,2001-08-01,2017-11-06,16
17-4901852,Ezekiel,Stollsteiner,2010-04-14,2015-08-03,5
17-5133642,Madalyn,Blucher,2013-06-24,2018-11-29,5
17-5266405,Cris,Elcott,2019-10-16,2022-03-02,2
17-5342636,Artemas,Gillmor,2001-03-07,2018-01-25,16
17-5805390,Shelby,Meth,2001-10-28,2003-07-25,1
17-6633081,Carmine,Penquet,2002-12-29,2005-02-04,2
17-6646642,Georgiana,Ohrt,2001-12-09,2009-04-06,7
17-6725014,Starr,Huckabe,2011-11-14,2015-06-26,3
17-6781789,Claudio,Gathercole,2002-09-28,2014-03-30,11
17-6893557,Aubrie,Anders,2001-02-23,2008-08-02,7
17-6957319,Micah,Baylie,2002-11-05,2019-04-18,16
17-7054660,Rutherford,D'Orsay,2015-09-30,2017-09-23,1
17-7188503,Harlene,Farmiloe,2014-08-23,2016-11-04,2
17-7577364,Mozelle,Bruhnke,2001-05-02,2018-07-27,17
17-7798953,Mufinella,Spire,2014-03-31,2015-11-03,1
17-8688825,Abbie,Giacoboni,2014-08-20,2023-03-03,8
17-8821992,Brewster,Illwell,2005-08-24,2008-05-12,2
18-1279565,Valdemar,Libermore,2016-04-21,2018-08-08,2
18-1638708,Lynnelle,Kondratyuk,2005-05-14,2013-04-17,7
18-1834274,Patrizia,Rawlence,2004-01-11,2017-05-09,13
18-1910121,Shea,Dillaway,2012-06-16,2016-12-28,4
18-2527367,Glen,Parlet,2008-09-25,2009-09-24,0
18-2705174,Charyl,Goudy,2002-07-16,2009-06-03,6
18-2863986,Adan,Kenwyn,2006-11-21,2018-07-08,11
18-3127889,Faydra,Matushevich,2001-04-29,2001-11-30,0
18-3529031,Marlin,Dutton,2003-08-14,2014-12-04,11
18-5295425,Yale,Gerner,2012-12-14,2019-05-18,6
18-6128237,Bettina,Addams,2006-11-14,2023-06-04,16
18-6676008,Robby,Cunniff,2012-08-16,2013-04-17,0
18-7313656,Dana,Mumbeson,2004-08-01,2017-07-08,12
18-7684489,Neala,Bendon,2011-04-08,2011-04-08,0
18-8249350,Ivie,Moro,2010-09-16,2018-05-18,7
18-8500439,Marilee,Bools,2009-07-28,2011-06-25,1
19-0470500,Amberly,Pantling,2014-11-29,2022-07-22,7
19-0758455,Donni,Stoyle,2002-04-20,2011-08-21,9
19-1011134,Darrell,Aleksic,2001-12-18,2022-12-31,21
19-1830418,Judon,Jakobssen,2009-10-08,2011-07-29,1
19-2036111,Cairistiona,Rowat,2008-03-31,2022-11-26,14
19-2228911,Vanna,Wardlaw,2003-03-17,2003-11-04,0
19-2827478,Levin,Jozwiak,2000-10-29,2012-08-30,11
19-3012416,Janie,Overlow,2018-04-26,2023-05-30,5
19-3575211,Goober,Raden,2007-12-03,2016-04-11,8
19-3595814,Felita,Orehead,2007-02-09,2018-01-13,10
19-3990815,Gay,Henriet,2012-01-01,2013-03-24,1
19-4364299,Celisse,Cogdon,2010-09-13,2016-11-09,6
19-4676248,Deva,Boyd,2009-07-21,2022-07-05,12
19-5173660,Phylis,Harsnep,2011-08-04,2018-09-03,7
19-5931279,Pablo,Appleby,2011-01-07,2011-08-26,0
19-6009249,Morey,Devanney,2012-05-16,2015-05-21,3
19-6237092,Luz,Waberer,2012-06-20,2020-10-02,8
19-7020823,Elvis,Treamayne,2013-02-26,2022-09-28,9
19-7512351,Tirrell,Champagne,2007-05-25,2023-07-28,16
19-8308072,Oliy,Biddell,2002-03-25,2019-09-14,17
19-8364474,Vladamir,Rennick,2002-03-17,2015-04-14,13
19-8689130,Winfred,Walrond,2012-09-16,2021-07-21,8
19-9144838,Jobi,Hame,2009-02-27,2011-10-11,2
19-9306955,Brandais,Wilsdon,2008-06-09,2011-02-01,2
19-9408199,Elli,Pesticcio,2000-10-30,2013-04-11,12
20-0011833,Riley,Soppit,2008-04-02,2016-12-01,8
20-0706376,Megen,Allwright,2003-05-06,2010-07-03,7
20-2310546,Clarinda,Klemz,2008-10-28,2017-12-22,9
20-2602427,Margie,MacDonnell,2002-10-15,2014-06-26,11
20-3613502,Perry,Fuke,2015-08-28,2019-12-03,4
20-4454543,Shelden,Micah,2010-10-30,2011-10-07,0
20-4960863,Cammie,Fleote,2002-10-06,2006-11-28,4
20-5187508,Pammy,Bawdon,2017-11-13,2022-01-14,4
20-5437516,Dionne,Matthius,2001-06-23,2009-11-30,8
20-5586959,Amery,Misken,2001-11-14,2022-03-03,20
20-6201011,Dominga,Gillions,2002-06-24,2004-11-16,2
20-7450254,Zechariah,Howroyd,2003-07-01,2006-07-24,3
20-7581387,Rosemaria,Horsley,2012-03-07,2020-07-17,8
20-7862953,Jeanine,Agus,2004-05-20,2009-06-15,5
20-7974529,Alysia,Enrrico,2007-03-27,2012-07-15,5
20-8574947,Lorna,Lapsley,2005-06-14,2018-11-06,13
20-9579874,Elmer,Sirr,2006-12-09,2020-11-28,13
20-9946539,Orelia,Housbey,2016-12-29,2018-01-11,1
21-1453279,Elnar,Poter,2012-07-03,2015-12-06,3
21-1718210,Lianna,Pighills,2002-06-13,2004-11-03,2
21-1742058,Quintus,Dever,2001-06-28,2003-03-02,1
21-2022251,Menard,Beatson,2010-05-28,2023-01-04,12
21-2409439,Sawyere,Mangeney,2005-08-24,2009-11-25,4
21-3986132,Adorne,Mattia,2005-12-30,2016-06-25,10
21-4465988,Stacia,Chrystal,2001-06-18,2007-10-25,6
21-5015648,Judy,Conrard,2008-06-21,2022-03-24,13
21-5428695,Logan,Stickels,2012-04-03,2012-07-06,0
21-5661765,Dael,Sarginson,2011-04-06,2015-07-17,4
21-5749828,Alexandrina,Fratson,2000-12-03,2020-08-29,19
21-5847128,Alejoa,O'Glassane,2006-11-19,2012-03-04,5
21-6092268,Sephira,Peschet,2005-04-10,2016-12-06,11
21-6145481,Dewie,Shitliff,2000-12-25,2021-01-09,20
21-6932061,Kalil,Haestier,2012-11-02,2013-02-24,0
21-6938567,Lucienne,Beaver,2005-11-21,2015-01-13,9
21-7746151,Phedra,Dunkerton,2009-12-05,2018-08-13,8
21-7997572,Boycie,McBrady,2008-03-25,2017-08-08,9
21-8271491,Katina,Augie,2003-06-22,2019-04-01,15
21-8445735,Maryrose,Heaney`,2006-06-29,2020-05-22,13
21-9112646,Madelena,Pilch,2004-02-19,2013-01-12,8
21-9119947,Remy,Halewood,2010-05-23,2020-02-14,9
21-9161895,Jaimie,Probet,2007-10-10,2019-06-12,11
21-9264570,Ainsley,Lowden,2008-01-15,2017-07-18,9
21-9435281,Montgomery,Janko,2011-02-14,2017-02-26,6
21-9487011,Claire,Marchbank,2010-02-27,2011-06-26,1
21-9646688,Maribelle,Dargue,2002-04-02,2003-05-06,1
21-9739693,Goldy,Stennard,2004-07-04,2017-03-15,12
21-9996515,Jareb,Jaime,2001-09-27,2002-03-18,0
22-0593794,Larisa,MacCurlye,2008-07-16,2016-09-09,8
22-1814559,Veriee,Holdall,2008-10-22,2013-10-06,4
22-2387430,Garwin,Euesden,2012-05-31,2014-08-19,2
22-2477837,Selie,Pepler,2007-01-09,2013-08-17,6
22-2689153,Almeda,O'Kinneally,2006-06-09,2011-12-06,5
22-2810573,Sherrie,Utton,2012-11-19,2021-08-24,8
22-2838261,Hans,Mathevet,2005-04-09,2010-05-29,5
22-3057373,Jacquetta,Densie,2002-02-17,2020-02-24,18
22-3253268,Christiane,Sings,2011-09-26,2016-11-14,5
22-3547513,Yolane,Fitzsimons,2014-10-18,2020-10-12,5
22-3866544,Patti,Grier,2011-12-13,2012-02-25,0
22-4151863,Kellsie,Cino,2011-11-01,2022-02-06,10
22-4761575,Giustino,O'Harney,2004-04-13,2020-04-23,16
22-4811422,Saunder,Roseman,2007-05-12,2022-01-09,14
22-4903334,Sim,Maplethorp,2013-05-21,2017-11-15,4
22-5617639,Nalani,Martineau,2002-09-14,2021-02-19,18
22-6219141,Shirleen,Casbolt,2014-07-28,2021-06-08,6
22-6222200,Bucky,Jefferies,2001-12-14,2021-01-18,19
22-6614049,Rhodie,Grigoriev,2004-03-14,2004-09-18,0
22-6671219,Corrina,Tolossi,2007-08-25,2023-02-17,15
22-6685551,Hildagard,Whittock,2006-02-27,2016-01-28,9
22-6866571,Haskel,Callaby,2009-03-21,2010-06-02,1
22-8223362,Sandor,Brewers,2003-12-21,2020-02-16,16
22-8550948,Cheryl,Halligan,2002-12-27,2010-05-31,7
22-9433712,Konstanze,Mousley,2006-01-14,2006-12-08,0
23-0747602,Geri,Cullotey,2008-04-05,2019-08-19,11
23-0858703,Izabel,Pady,2001-01-11,2015-02-07,14
23-1809186,Kimmi,Tebboth,2004-01-24,2007-08-05,3
23-2158628,Winfield,Folkes,2012-05-12,2016-07-17,4
23-2265046,Cleveland,Toplin,2005-04-14,2014-07-07,9
23-2381262,Osborn,Horburgh,2006-07-19,2008-07-25,2
23-2548887,Filide,Stoodale,2007-11-22,2008-02-18,0
23-2633438,Torey,Purcell,2005-04-10,2012-09-28,7
23-2978639,Nessi,Duffan,2013-04-13,2023-05-20,10
23-3029611,Berkie,McGaw,2007-12-20,2012-05-14,4
23-4478302,Dani,Fidal,2010-03-01,2010-03-01,0
23-4761600,Baxy,Tonnesen,2001-07-30,2014-03-16,12
23-4809450,Berri,Cardon,2010-07-29,2010-12-22,0
23-4898815,Priscilla,Gregorace,2006-12-27,2014-12-03,7
23-5590763,Brinna,Possell,2014-05-18,2016-12-23,2
23-6238468,Berti,Segar,2006-12-14,2021-05-28,14
23-6277097,Fleurette,Curnokk,2016-12-30,2022-05-24,5
23-6373814,Hillie,Overstone,2003-11-19,2021-10-04,17
23-6599365,Harrietta,O'Kennavain,2012-01-30,2015-09-18,3
23-7327568,Keven,Mullaney,2009-06-01,2009-06-01,0
23-7463271,Fianna,Beven,2004-03-13,2015-07-26,11
23-8070760,Shandra,York,2001-01-06,2010-08-09,9
23-8331806,Brinna,Beet,2008-08-25,2018-08-08,9
23-9228193,Tonnie,Anyene,2008-06-22,2012-07-09,4
23-9648585,Ambrosius,Caff,2001-12-14,2014-05-04,12
24-0302901,Nanni,Dinis,2001-01-28,2018-12-11,17
24-0454023,Celeste,Grissett,2016-12-24,2018-08-05,1
24-1177260,Darius,Fish,2007-05-24,2015-11-14,8
24-1297986,Lexine,Elcy,2004-08-11,2019-06-15,14
24-1684782,Gardener,Tue,2001-11-15,2019-10-05,17
24-1845451,Sharon,Climie,2001-04-23,2008-03-17,6
24-2040887,Christen,Kelbie,2008-04-23,2011-06-17,3
24-2152690,Matias,Amar,2016-12-17,2018-07-27,1
24-2429114,Vickie,Brugman,2007-01-13,2007-08-28,0
24-3286815,Elaina,Mackerel,2020-09-29,2022-11-19,2
24-3996731,Doralin,Cason,2002-01-07,2008-11-13,6
24-4113969,Jacquette,Buckam,2009-11-02,2017-10-05,7
24-4123848,Sue,Sante,2015-01-26,2015-11-19,0
24-4511492,Bondy,Minkin,2006-06-02,2023-01-01,16
24-4790124,Marris,Darell,2008-12-04,2009-07-08,0
24-5555444,Monique,Brinsden,2006-06-19,2022-02-11,15
24-5589812,Logan,Mauvin,2009-05-13,2022-12-13,13
24-6437946,Wildon,Battle,2011-06-14,2017-02-11,5
24-6863234,Lothaire,McCole,2012-10-23,2020-12-22,8
24-7383772,Hyman,Flew,2010-08-18,2023-02-09,12
24-7741652,Fielding,O'Fairy,2004-06-15,2022-10-15,18
24-7963773,Lebbie,McConway,2005-03-04,2014-01-23,8
24-8634077,Richy,Vaughn,2003-08-17,2017-12-16,14
24-9450562,Edyth,Bowler,2002-06-16,2019-03-02,16
25-0921661,Alonzo,Toombes,2009-07-18,2022-05-10,12
25-1237206,Jason,Graalmans,2012-06-15,2016-01-24,3
25-1335418,Marco,Kerwood,2002-04-23,2018-12-11,16
25-1839893,Maiga,Mackneis,2005-06-09,2015-08-09,10
25-1931873,Nester,Gregoli,2007-10-05,2013-12-14,6
25-1960256,Lemuel,Falkous,2005-02-25,2023-03-01,18
25-2665744,Feodora,Ortet,2008-10-07,2023-02-02,14
25-2693311,Lorry,Glencros,2002-09-02,2010-01-11,7
25-3411296,Sibyl,Basile,2009-11-02,2010-08-02,0
25-3987301,Vaclav,Layman,2002-03-25,2021-11-08,19
25-4535818,Georgine,Gatesman,2002-11-23,2016-06-11,13
25-4780205,Bradan,Oxherd,2012-10-14,2014-12-19,2
25-5209499,Margarethe,Hutten,2007-07-10,2013-04-11,5
25-7397587,Wilden,Tatford,2012-01-03,2012-01-03,0
25-8149191,Daffy,Pegg,2018-11-28,2021-09-18,2
25-8405103,Bertine,Parnell,2004-03-14,2016-07-30,12
25-8499371,Daniela,Julien,2009-02-13,2017-02-06,7
25-9229335,Armstrong,Keemer,2005-12-01,2005-12-01,0
25-9281279,Godfry,Towl,2019-09-18,2021-05-30,1
25-9485827,Adena,Pharrow,2006-02-16,2018-01-22,11
26-0235588,Fredric,Kleinsmuntz,2007-04-27,2023-06-17,16
26-0613818,Marcelia,Lowe,2001-08-17,2013-04-05,11
26-0842867,Timothea,Caldayrou,2006-09-15,2017-06-01,10
26-0876338,Emma,Stopforth,2006-01-16,2019-02-18,13
26-1028762,Gillie,Wilds,2010-04-05,2010-04-05,0
26-2106221,Rozella,"La Rosa",2012-03-01,2012-03-01,0
26-2913651,Oby,Edgerton,2016-07-13,2017-09-09,1
26-3724947,Shurlock,Alcoran,2004-07-10,2022-05-21,17
26-3887993,Rog,Statefield,2004-08-29,2011-12-30,7
26-3904175,Merle,Habens,2012-07-20,2015-08-10,3
26-4911239,Antony,Kop,2001-04-11,2022-04-03,20
26-5721630,Ceil,Moreland,2001-06-18,2004-02-25,2
26-6034541,Ulrich,Balm,2012-05-12,2021-02-25,8
26-6134010,Winslow,Richfield,2011-09-05,2015-09-14,4
26-6284393,Hayley,Douthwaite,2010-12-30,2012-01-21,1
26-7040229,Lurlene,Ciementini,2009-09-28,2021-05-06,11
26-7171675,Homere,Liquorish,2001-01-22,2009-06-24,8
26-7402449,Lian,Maudson,2008-05-03,2008-05-03,0
26-9639352,Caro,Balk,2005-01-12,2017-03-06,12
26-9690769,Flem,Abramovic,2012-05-21,2016-02-04,3
26-9971042,Cathie,Farnhill,2014-07-14,2022-11-20,8
26-9981662,Axe,Leete,2005-10-11,2014-07-29,8
27-0048592,Holt,Bottelstone,2008-09-22,2014-06-28,5
27-0334056,Muire,Meltetal,2012-04-24,2023-02-12,10
27-0341859,Bronny,Olpin,2003-07-23,2008-01-31,4
27-0365780,Maritsa,Behnke,2001-07-31,2019-04-24,17
27-0684913,Randolf,Pyrton,2019-08-24,2019-11-23,0
27-0806100,Korie,Rivallant,2002-02-17,2020-08-20,18
27-1161021,Faye,Goskar,2010-07-18,2012-05-14,1
27-1538620,Susette,Ravenscraft,2009-02-20,2016-05-17,7
27-2809786,Cobb,Hacksby,2001-05-23,2014-01-18,12
27-4503285,Bonni,Silverton,2002-10-01,2009-08-28,6
27-4621539,Barbee,Arthurs,2019-03-17,2022-01-18,2
27-4926530,Cris,Wodeland,2006-07-30,2014-02-23,7
27-5121787,Cyndy,Bloom,2007-03-09,2009-12-23,2
27-6167444,Victoria,Iorns,2003-06-13,2012-02-11,8
27-6200711,Bevon,Poulett,2016-03-14,2022-02-13,5
27-6553095,Meade,Sunners,2007-07-22,2021-12-19,14
27-6632994,Libby,Barukh,2013-08-28,2017-03-13,3
27-7451133,Norman,Chidler,2016-03-13,2022-07-14,6
27-7585693,Randi,Ditty,2001-02-19,2021-12-20,20
27-7659298,Teddie,Handford,2007-11-10,2014-10-10,6
27-7845345,Kayne,Stanfield,2006-10-21,2020-10-14,13
27-8147492,Madelina,Dumingos,2010-01-21,2012-05-31,2
27-8500462,Morganne,Fenelon,2007-11-27,2019-09-23,11
27-8599909,Tammy,McAvin,2008-04-28,2023-02-22,14
27-9154140,Kiley,Cullinan,2007-02-11,2022-12-27,15
27-9214729,Koralle,Walters,2004-06-22,2011-05-23,6
27-9403479,Piggy,Shelliday,2012-03-03,2012-03-03,0
28-0038743,Gray,Blethyn,2012-07-18,2022-09-29,10
28-1172848,Horace,Simonelli,2009-09-09,2010-08-19,0
28-1767743,Guthrie,Kobpal,2015-04-28,2021-10-01,6
28-3468963,Aida,Basilone,2008-05-15,2017-10-18,9
28-3743652,Broddy,Coley,2010-05-20,2022-10-06,12
28-4209818,Borden,Burgyn,2003-12-20,2015-02-07,11
28-4212063,Britte,Blofeld,2002-02-10,2023-02-26,21
28-4808207,Rozalin,Rawlyns,2012-08-17,2013-08-09,0
28-4997739,Dulcea,"De Hooge",2003-12-10,2011-11-19,7
28-5044439,Abelard,Woodcroft,2016-04-13,2023-02-26,6
28-6259050,Albertina,Angus,2002-01-24,2004-01-12,1
28-7021038,Federica,Towler,2001-07-28,2019-11-19,18
28-7548595,Laney,Karppi,2004-11-11,2012-03-12,7
28-7550580,Damaris,Brainsby,2009-02-05,2010-10-06,1
28-8086405,Worden,Bertlin,2008-01-14,2017-09-30,9
28-8867549,Margaux,Berthel,2014-02-14,2022-11-11,8
28-8933782,Marin,Siaspinski,2009-11-28,2021-10-04,11
28-9348970,Nicholas,Ramalhete,2011-12-18,2012-09-05,0
28-9470396,Feodor,Ammer,2002-11-18,2005-05-20,2
29-0008742,Anitra,Danilchik,2004-09-02,2006-03-28,1
29-0199512,Stevena,Gross,2010-05-16,2010-09-25,0
29-0313910,Salem,Skaid,2003-12-03,2006-08-11,2
29-0805651,Jennee,Gulleford,2001-03-04,2012-11-17,11
29-1009827,Ware,Bygrove,2003-03-23,2010-05-31,7
29-1304448,Moritz,Gillingham,2000-12-25,2004-02-06,3
29-1681374,Heida,Cobbin,2003-09-13,2016-09-09,13
29-2489606,Raimund,Ruthen,2010-10-08,2017-04-17,6
29-2496084,Skell,Merner,2006-04-16,2019-12-07,13
29-2688111,Ber,Raincin,2008-08-20,2011-09-30,3
29-2858175,Madalena,Abramcik,2002-11-20,2021-05-11,18
29-3163809,Neel,Tink,2001-02-17,2006-01-23,4
29-3266328,Stefanie,Cobelli,2005-07-31,2011-02-09,5
29-4479409,Blythe,Cassell,2001-07-02,2021-09-15,20
29-5558942,Valentina,Betty,2010-02-10,2012-05-24,2
29-5697029,Ettore,Brandoni,2003-10-29,2012-08-14,8
29-5869645,Meier,Bellanger,2007-02-03,2009-01-11,1
29-7557747,Sandi,Bastick,2002-12-24,2019-12-22,17
29-9196537,Cairistiona,Cayle,2011-03-26,2017-09-15,6
29-9946377,Clayton,Emes,2009-02-22,2014-10-18,5
30-0611883,Raleigh,O'Corr,2007-06-19,2019-07-23,12
30-0696520,Leslie,Donnan,2007-10-16,2014-03-26,6
30-1553668,Hunter,Hearnes,2013-04-29,2016-01-23,2
30-1569438,Lulu,Capron,2008-07-06,2013-08-15,5
30-1627970,Gypsy,Connor,2012-06-07,2012-06-07,0
30-2837442,Anni,Dyka,2005-06-05,2019-10-01,14
30-4079342,Latia,Sewill,2003-04-11,2014-08-21,11
30-4210947,Sheba,Cuff,2009-06-18,2020-12-06,11
30-4908831,Washington,Fenty,2008-04-26,2016-02-06,7
30-5011658,Artie,Brazer,2012-03-06,2017-07-22,5
30-5564838,Chloe,Burkman,2002-01-13,2015-12-18,13
30-8102417,Micheal,Ruffler,2012-10-02,2012-10-02,0
30-8224472,Maury,Mallatratt,2007-06-12,2013-10-03,6
30-9208886,Justen,Beisley,2019-04-25,2022-11-21,3
31-0270355,Joey,Agney,2001-09-22,2001-11-11,0
31-0779795,Faber,Fanning,2018-03-16,2022-09-20,4
31-1052844,Oralle,Woolham,2002-11-14,2008-04-29,5
31-1278141,Neron,Bisacre,2001-08-16,2006-08-30,5
31-1292619,Erie,Clarycott,2004-09-25,2010-08-05,5
31-1428052,Eleanor,Whillock,2005-12-21,2017-10-20,11
31-2084653,Chickie,Sive,2007-08-13,2022-08-29,15
31-2695346,Fleurette,Klesel,2003-02-17,2006-05-12,3
31-3572685,Curt,Vaulkhard,2010-03-26,2019-04-29,9
31-6423041,Gilbertine,Ferney,2007-06-21,2018-01-15,10
31-6511884,Koren,Cornbill,2009-11-07,2019-11-07,10
31-6545194,Pate,Silversmidt,2006-05-04,2021-06-29,15
31-6881670,Merry,Balaison,2006-12-26,2021-08-31,14
31-7067754,Arabel,Joplin,2011-04-17,2017-04-21,6
31-8079431,Nealson,Belfitt,2002-06-20,2006-06-22,4
31-8308661,Esme,Crighten,2011-08-08,2013-03-04,1
31-8537351,Curry,Huncoot,2001-08-11,2019-10-09,18
31-8684010,Howard,Barrass,2008-06-18,2009-12-06,1
31-8837054,Stormie,Quilty,2013-02-13,2019-05-21,6
31-8883521,Junette,Lisimore,2017-02-23,2023-07-24,6
31-9228082,Lynnelle,Willmett,2007-09-10,2012-07-21,4
31-9581813,Ferd,Bus,2005-06-21,2009-09-10,4
32-0346796,Keri,Lelievre,2002-09-07,2010-01-10,7
32-0588112,Emory,Frissell,2012-07-02,2021-02-03,8
32-0601895,Johnny,Jendas,2004-04-13,2015-07-27,11
32-0844345,Al,Iacovielli,2005-05-06,2021-12-26,16
32-0873578,Eada,Maltby,2005-02-01,2008-05-13,3
32-0916135,Salem,Skirvane,2004-08-30,2020-02-20,15
32-1735099,Rollie,Martignon,2004-11-13,2006-10-24,1
32-2140009,Konstance,Tumini,2007-04-05,2016-05-12,9
32-2921076,Ivett,Bracegirdle,2000-11-14,2008-05-02,7
32-3239029,Kristel,Hooban,2002-09-26,2018-09-22,16
32-3657645,Barnard,Bartolomieu,2005-04-29,2012-04-27,7
32-4063616,Ginger,Tribble,2020-07-13,2023-02-19,2
32-4309208,Coletta,Dunley,2007-01-16,2012-03-02,5
32-4483831,Ailsun,Pigeon,2002-06-01,2003-03-03,0
32-5866951,Lind,McManamon,2011-10-20,2021-08-29,9
32-7870669,Marris,Fley,2010-01-11,2022-03-24,12
33-0069707,Antonietta,Ballin,2008-03-15,2021-07-05,13
33-0791718,Martita,Carek,2011-11-04,2011-11-04,0
33-2041010,Dalila,Pietruszewicz,2001-07-15,2019-09-02,18
33-2179275,Henrietta,Whartonby,2004-09-02,2008-02-19,3
33-2972196,Britney,Garfitt,2000-10-21,2012-08-03,11
33-3662617,Ysabel,Eidler,2007-01-01,2010-10-08,3
33-4224349,Rosemonde,Aldhouse,2001-10-13,2018-11-04,17
33-4741172,Mei,Reeman,2003-03-14,2022-01-29,18
33-4836726,Pennie,Lamanby,2010-08-13,2023-06-27,12
33-5226833,Patsy,"De la Zenne",2000-12-29,2009-10-12,8
33-6173052,Beilul,Hanington,2010-10-18,2014-03-23,3
33-6254173,Drucy,Cunnow,2001-03-22,2006-08-23,5
33-6598323,Dag,Bunton,2016-10-23,2022-06-04,5
33-7810227,Imogene,Holsey,2005-11-20,2009-09-13,3
33-8016186,Odelle,Learmount,2018-01-31,2020-04-25,2
33-8245125,Lyndsay,Dinsell,2007-06-23,2012-10-01,5
33-8285891,Vinnie,Wressell,2011-11-23,2023-03-23,11
33-8874342,Delphinia,Lissenden,2004-04-22,2012-07-11,8
33-9508189,Murdoch,Pomery,2009-03-05,2015-10-17,6
34-1639285,Barbee,Apfel,2010-05-11,2023-07-17,13
34-1994979,Serena,Yancey,2010-04-21,2015-10-11,5
34-1999139,Saxon,Dene,2009-05-18,2021-01-19,11
34-2327827,Honoria,Milmith,2010-06-22,2014-01-12,3
34-2388638,Phyllis,Worms,2004-08-31,2013-11-16,9
34-2958266,Morgen,Palfery,2004-05-05,2012-07-01,8
34-3111515,Olia,Jaynes,2018-01-26,2020-09-22,2
34-3329853,Lida,Emilien,2001-02-05,2010-04-28,9
34-3811158,Ferne,Roebottom,2012-07-14,2021-11-07,9
34-3966715,Wilhelm,Hopkynson,2006-10-18,2019-02-22,12
34-4177184,Carmel,Sussems,2004-03-11,2012-07-04,8
34-4425295,Selina,Jarmain,2007-10-20,2023-08-03,15
34-4919309,Tedie,Callander,2005-01-22,2016-09-05,11
34-4943879,Tammie,Phlippsen,2002-08-28,2006-02-05,3
34-6143252,Margalo,Carsberg,2003-11-12,2020-03-20,16
34-7267302,Ethelda,Stuart,2006-12-06,2019-07-30,12
34-7428463,Stanislas,Pottage,2001-09-13,2011-01-13,9
34-8296333,Veda,Nehl,2012-03-16,2012-10-22,0
34-8895215,Ario,Hainge,2010-03-24,2010-12-09,0
35-0209523,Man,Jessop,2007-04-13,2014-05-21,7
35-1309550,Trip,Phillimore,2017-02-23,2021-04-06,4
35-1467772,Joela,Tenniswood,2005-01-14,2015-08-31,10
35-1529079,Lemuel,Normaville,2013-10-31,2018-11-07,5
35-1538661,Tandie,Leydon,2003-03-21,2017-08-16,14
35-1711431,Ellen,Barajaz,2010-09-20,2018-04-28,7
35-2077269,Vivian,Sharram,2005-10-16,2021-05-30,15
35-2368137,Sam,Schuck,2012-01-27,2020-10-17,8
35-3128866,Culver,Druce,2010-09-09,2018-07-25,7
35-4524074,Sasha,Huygen,2002-12-21,2005-10-25,2
35-4714537,Estelle,Emm,2004-05-20,2012-11-06,8
35-5046563,Moishe,Silveston,2001-04-04,2004-11-23,3
35-5142564,Caddric,MacDunleavy,2013-04-22,2017-10-11,4
35-5767346,Belinda,Heffer,2014-02-24,2018-11-09,4
35-6293064,Ardisj,Gratland,2011-01-07,2011-01-07,0
35-6722595,Gill,Boother,2003-02-02,2003-08-08,0
35-6834715,Arlinda,Guard,2006-06-23,2014-07-03,8
35-8281026,Bibi,Kearey,2006-03-30,2008-10-25,2
35-9405784,Leroy,Heed,2004-04-13,2022-05-03,18
35-9700429,Alikee,Collete,2007-09-26,2016-11-27,9
35-9758429,Eugenius,Enoksson,2004-10-03,2015-04-15,10
36-1781358,Nat,Pouck,2000-11-23,2016-06-12,15
36-2249372,Ingelbert,Jurn,2012-06-12,2018-09-29,6
36-3669048,Chiarra,Mehaffey,2002-10-18,2020-07-27,17
36-3883286,Charis,Key,2003-01-07,2008-11-28,5
36-4308794,Bartram,Bremner,2003-06-15,2015-05-02,11
36-6252951,Billi,Clotworthy,2001-09-19,2022-02-20,20
36-6739087,Erhard,Durnin,2017-01-20,2023-01-04,5
36-6773046,Ralf,Bellerby,2011-12-16,2020-03-14,8
36-6856000,Estrella,Bradbrook,2003-06-26,2003-12-09,0
36-7183159,Darrell,Jefferys,2003-12-31,2020-10-26,16
36-7722462,Yule,Gerrets,2004-04-16,2019-07-20,15
36-8515684,Goddard,Thornthwaite,2010-02-10,2016-03-05,6
36-8641166,Pattie,Chugg,2014-12-17,2020-06-20,5
36-9772313,Davide,Patinkin,2012-10-13,2018-04-19,5
36-9779481,Lindsy,Adnam,2009-05-04,2012-01-12,2
37-0344272,Gloria,Illsley,2009-03-15,2018-05-02,9
37-0581919,Julee,Simonou,2001-07-20,2004-06-04,2
37-0993887,Rania,Dorbin,2005-03-07,2009-07-17,4
37-0998615,Sara,Fishbourne,2007-10-20,2021-09-29,13
37-1593318,Bat,Ghidoli,2009-08-22,2017-04-28,7
37-2071095,Rudiger,Loblie,2002-02-07,2008-09-18,6
37-3171614,Tania,Routledge,2008-01-14,2017-03-22,9
37-4612230,Adriana,Peers,2008-08-15,2021-11-18,13
37-4915368,Sosanna,Jarmain,2010-10-11,2019-09-14,8
37-5134726,Sascha,Ferroni,2003-05-10,2019-08-22,16
37-5913966,Emlyn,Mathey,2002-10-17,2006-07-23,3
37-6459745,Letta,Forward,2000-10-31,2008-10-08,7
37-6964818,Arvin,Matkin,2006-05-15,2018-11-12,12
37-7138457,Archaimbaud,Fann,2017-10-25,2018-04-13,0
37-7169011,Regan,Maleham,2002-11-10,2017-07-16,14
37-7494230,Sheila-kathryn,Horche,2002-10-12,2014-08-24,11
37-8063846,Dermot,Drioli,2009-06-02,2009-06-02,0
37-8235293,Jody,Bridgestock,2009-08-09,2023-04-10,13
37-8236006,Riley,Poole,2006-06-16,2020-11-26,14
37-9996327,Ivory,Privett,2012-10-19,2021-03-15,8
38-0178405,Brittaney,Goburn,2009-02-05,2009-02-05,0
38-0480351,Yule,Ghost,2007-05-04,2021-12-16,14
38-0482760,Fiann,Croome,2017-10-25,2022-02-16,4
38-1101129,Rozelle,Abramov,2003-05-22,2021-11-09,18
38-1936533,Loleta,Ferrea,2006-03-05,2008-07-26,2
38-2236896,Laney,Howe,2012-08-24,2022-01-06,9
38-2608602,Bea,Rimes,2004-04-24,2012-04-23,8
38-2618707,Felicity,Kiernan,2008-08-28,2015-01-01,6
38-2924893,Walliw,Ebbotts,2006-09-18,2019-05-15,12
38-3401448,Hermine,Quinion,2009-01-25,2023-03-03,14
38-3558145,Geno,Glyde,2001-03-26,2016-08-20,15
38-3695432,Reinold,Iddon,2009-04-09,2011-08-30,2
38-4097053,Leah,Haggar,2005-04-29,2022-05-14,17
38-4269828,Issie,Gebbe,2002-04-11,2011-10-22,9
38-4302119,Rosalinda,Rothera,2001-02-04,2017-12-27,16
38-4495296,Kit,Clelland,2006-03-22,2021-04-20,15
38-4556586,Alexandre,Sicha,2006-09-15,2016-08-14,9
38-4645022,Gram,Simanenko,2004-06-25,2005-12-30,1
38-5359572,Fee,Vido,2004-04-13,2014-03-21,9
38-6305193,Meridith,Twinterman,2012-04-02,2021-11-05,9
38-6961732,Lanae,Lapthorne,2003-07-25,2006-09-30,3
38-7006247,Elenore,Tankus,2008-04-23,2020-12-02,12
38-8632155,Morissa,Flecknell,2019-02-20,2022-07-21,3
38-9219009,Selma,Sivill,2007-07-28,2017-11-25,10
38-9234115,Tad,Pennock,2005-09-29,2019-08-21,13
38-9328776,Dolores,Kelland,2005-10-10,2014-04-15,8
38-9621354,Estele,Airey,2008-10-23,2013-09-06,4
39-0676872,Dina,Jakeman,2004-02-14,2022-11-06,18
39-0694053,Larina,Pagel,2001-04-20,2014-07-09,13
39-0727291,Bobina,Finlator,2013-06-14,2020-04-12,6
39-1289277,Tab,Jarred,2001-01-18,2022-05-14,21
39-2028248,Carny,Habeshaw,2010-03-25,2014-06-11,4
39-2141347,Weston,Mohamed,2007-01-29,2021-03-25,14
39-2233279,Simone,Cavanaugh,2011-06-04,2011-06-04,0
39-3382300,Mannie,Alexandersson,2013-01-31,2015-01-03,1
39-3982366,Wright,Haquard,2007-11-29,2010-07-14,2
39-4055214,Denny,Keast,2012-05-15,2019-10-26,7
39-4128176,Merry,Merck,2005-05-21,2017-10-17,12
39-4243558,Eustace,Callow,2007-06-20,2019-11-12,12
39-4259788,Jeni,Silby,2006-08-08,2012-10-02,6
39-4965647,Gerti,Stroulger,2005-01-01,2011-06-27,6
39-5692742,Othilie,Absolon,2008-08-14,2022-04-04,13
39-5885858,Lukas,Kinworthy,2003-05-22,2006-07-29,3
39-6683761,Rowen,Cubberley,2003-10-13,2005-07-10,1
39-7571484,Michal,McRobb,2004-04-13,2021-12-25,17
39-7653439,Neala,Butterfield,2007-10-25,2016-12-27,9
39-7696854,Shirleen,Senior,2007-05-25,2009-05-27,2
39-7912537,Rodolphe,Skellern,2009-05-25,2012-01-09,2
39-8448824,Keir,Dechelle,2001-05-31,2001-10-24,0
39-8694226,Wilbur,Bruster,2005-11-28,2020-02-28,14
39-9317658,Kimbra,Kennealy,2012-08-03,2012-08-03,0
39-9641725,Quentin,Mears,2003-02-15,2006-03-20,3
40-1227548,Daniele,Huggett,2009-10-17,2012-10-30,3
40-1370747,Sandra,Trowler,2006-01-10,2017-08-06,11
40-3372759,Willyt,Pickless,2005-07-16,2007-11-01,2
40-3714715,Mil,Chaldecott,2009-03-03,2013-02-17,3
40-3925748,Faber,Risen,2004-08-20,2012-10-11,8
40-4079476,Devi,Astridge,2017-11-30,2021-03-16,3
40-4564779,Fania,Wiffen,2001-06-05,2008-09-20,7
40-4625712,Korry,Batcheldor,2009-11-25,2018-01-15,8
40-4654716,Trescha,Brideaux,2010-06-08,2016-06-20,6
40-5352338,Allistir,Roches,2018-12-31,2022-10-07,3
40-5706822,Quincey,Ciccerale,2007-03-11,2022-07-04,15
40-5773906,Dennet,Featherbie,2015-05-21,2017-04-26,1
40-5793275,Ethe,Carbert,2011-03-07,2011-03-07,0
40-6392384,Carleton,Wilkes,2003-12-04,2022-06-28,18
40-6870001,Burl,Geering,2010-01-27,2013-10-05,3
40-6893383,Christal,Bensusan,2002-04-17,2020-08-22,18
40-7748440,Tybie,Poppleston,2014-02-20,2022-01-07,7
40-7789629,Bary,Gorey,2003-12-24,2020-01-03,16
40-7989682,Clari,Reimer,2010-10-06,2010-10-06,0
40-8175761,Brier,Dyke,2006-01-20,2013-02-24,7
40-8460170,Elias,Trytsman,2005-06-21,2013-01-24,7
40-8578044,Elisa,Bishop,2004-07-13,2018-01-18,13
40-8587999,Mariam,Kelson,2011-05-21,2012-09-30,1
40-9641583,Dita,Coaster,2006-06-03,2006-06-03,0
40-9723602,Julia,Everett,2001-07-15,2002-08-08,1
40-9753708,Dorree,Constance,2001-06-18,2007-01-19,5
41-0324122,Constantine,Priddey,2007-10-29,2015-02-14,7
41-0923478,Lannie,Lashford,2005-09-03,2005-09-03,0
41-1009734,Nerti,Wadie,2007-12-04,2020-02-02,12
41-2701827,Cosme,Firth,2003-09-09,2021-11-05,18
41-2831931,Fransisco,Matiebe,2003-04-28,2003-08-22,0
41-3182276,Verina,Georg,2007-03-27,2014-11-08,7
41-3459285,Hervey,Deinhard,2007-02-17,2013-10-01,6
41-3584846,Elaina,Vanin,2006-04-18,2010-09-08,4
41-4137525,Saleem,Scutching,2009-01-20,2022-03-30,13
41-5306750,Sanderson,Surgen,2014-07-19,2018-07-02,3
41-5681306,Debora,MacElroy,2002-05-16,2012-10-08,10
41-5799574,Gelya,Rolling,2002-11-07,2021-05-04,18
41-6049402,Pepita,Arnauduc,2004-03-10,2013-09-09,9
41-6065041,Blane,O'Shee,2012-01-23,2021-06-01,9
41-6095194,Margalit,Riall,2002-06-13,2015-03-28,12
41-6296412,Billi,Quadrio,2012-06-30,2018-07-12,6
41-6962791,Bogey,Padbury,2010-10-01,2018-11-21,8
41-6964874,Xena,Retchless,2001-11-16,2016-08-25,14
41-7636376,Egor,Adamini,2006-11-16,2019-08-28,12
41-7740268,Hedy,Fouch,2004-12-26,2014-07-17,9
41-8129387,Ansel,Kelso,2009-11-29,2022-01-01,12
41-8489508,Shaun,Devany,2015-09-28,2019-08-25,3
41-9448021,Madalyn,Beteriss,2004-10-19,2023-02-04,18
42-0134721,Denice,Schellig,2009-12-06,2012-03-24,2
42-1754771,Zacherie,Lambillion,2006-05-21,2007-04-25,0
42-2091431,Frasco,Peirone,2014-12-23,2019-05-31,4
42-2178809,Cinnamon,Gillum,2001-11-20,2002-02-28,0
42-2729506,Staford,Longridge,2009-09-07,2022-05-25,12
42-3546426,Timmy,Shuter,2011-05-15,2020-05-04,8
42-3669464,Bonnie,Janks,2008-04-09,2017-07-08,9
42-4252542,Rozalie,Gaskill,2017-05-19,2021-08-27,4
42-4358767,Serge,Bridie,2005-01-02,2009-03-02,4
42-4732192,Clim,Jorcke,2007-06-26,2011-03-20,3
42-4926908,Jami,Hinken,2008-09-30,2022-08-07,13
42-5361323,Timi,Myner,2013-06-23,2019-04-22,5
42-5575996,Agata,Robertshaw,2000-10-23,2002-02-18,1
42-5715453,Leah,Plenty,2002-07-08,2012-04-21,9
42-6398751,Kaia,Greenfield,2009-09-03,2013-04-10,3
42-6461928,Darelle,Montilla,2007-05-31,2021-04-09,13
42-6467399,Romeo,Burniston,2005-11-06,2009-05-21,3
42-6471326,Dacie,Biagioni,2002-03-08,2020-07-29,18
42-7336200,Matilda,Tomson,2008-04-07,2018-06-17,10
42-7640387,Douglas,Wasmuth,2002-03-14,2018-09-05,16
42-8003133,Laurie,Skurray,2002-06-17,2019-06-01,16
42-8056503,Cecil,Stampe,2004-10-10,2012-06-08,7
42-8085977,Georges,Joanaud,2008-12-26,2016-08-14,7
42-8391602,Alexia,Thorns,2012-11-04,2017-12-22,5
42-9428451,Costanza,Corro,2010-08-12,2015-04-07,4
42-9436475,Anatole,Niblett,2011-02-04,2016-10-18,5
43-0173889,Bibbie,Delf,2006-10-16,2010-02-24,3
43-0494079,Randene,Terram,2004-12-08,2023-04-26,18
43-0560738,Marita,Robertelli,2006-04-28,2014-10-15,8
43-0856248,Marya,Absolom,2007-05-29,2008-06-27,1
43-1334541,Pernell,Brazenor,2002-01-13,2017-12-15,15
43-2279186,Leoline,Panswick,2006-12-22,2014-11-28,7
43-3996862,Bryanty,Dict,2003-06-28,2007-07-12,4
43-5569909,Buddie,Gynne,2015-08-30,2021-10-29,6
43-5784261,Marty,Goodband,2004-06-04,2012-02-02,7
43-6158433,Afton,Lyosik,2011-06-03,2013-03-24,1
43-6565548,Alberik,Dominiak,2016-09-16,2020-07-14,3
43-7404509,Floyd,Zmitrovich,2017-06-15,2018-10-24,1
43-7756368,Manda,Runsey,2007-01-20,2022-05-01,15
43-7756433,Darla,Blackhurst,2015-09-24,2023-03-13,7
43-7791250,Griffith,Prestland,2010-01-25,2018-11-22,8
43-7895757,Dyann,Easeman,2017-05-13,2023-03-25,5
43-8215160,Norbert,Chazelas,2006-04-09,2020-09-01,14
43-9471004,Royal,Marchand,2014-03-22,2017-05-27,3
43-9584305,Dottie,McLardie,2005-05-30,2017-09-11,12
44-1205340,Booth,Musla,2019-10-13,2020-06-12,0
44-1659879,Peder,Oakenfield,2010-12-15,2019-08-30,8
